order_id,order_date,month,quarter,customer_name,city,region,product_id,product_name,category,quantity,unit_price,total_sales,cost,profit,payment_method,sales_rep
ORD-0001,2024-03-12,March,Q1,Aisha Omar,Nairobi,Central,P004,Bluetooth Speaker,Electronics,5,4385.2,21926.0,11000,10926.0,Airtel Money,Brian Omondi
ORD-0002,2024-04-21,April,Q2,Kevin Chepkorir,Nyeri,Central,P019,Notebook A4,Stationery,1,171.54,171.54,60,111.54,Airtel Money,Catherine Wanjiku
ORD-0003,2024-08-17,August,Q3,Amina Hassan,Nakuru,Rift Valley,P018,Stapler Heavy Duty,Stationery,9,843.16,7588.44,3420,4168.44,Bank Transfer,Catherine Wanjiku
ORD-0004,2024-04-20,April,Q2,Catherine Njeru,Nyeri,Central,P006,Office Chair,Furniture,6,14666.81,88000.86,48000,40000.86,M-Pesa,Brian Omondi
ORD-0005,2024-11-05,November,Q4,Lydia Auma,Mombasa,Coast,P013,Sugar 2kg,Groceries,6,227.64,1365.84,720,645.84,M-Pesa,Samuel Ochieng
ORD-0006,2024-05-30,May,Q2,Tom Kariuki,Mombasa,Coast,P018,Stapler Heavy Duty,Stationery,7,814.2,5699.4,2660,3039.4,Bank Transfer,Peter Kamau
ORD-0007,2024-02-10,February,Q1,Kevin Chepkorir,Nairobi,Central,P003,iPhone Charger,Electronics,4,2568.27,10273.08,3200,7073.08,M-Pesa,Mary Njoroge
ORD-0008,2024-06-30,June,Q2,Faith Mutua,Garissa,North Eastern,P009,Bookshelf,Furniture,6,5797.59,34785.54,18000,16785.54,Bank Transfer,Brian Omondi
ORD-0009,2024-03-24,March,Q1,Esther Akinyi,Kisumu,Western,P020,Printer Ink Set,Stationery,9,2864.16,25777.44,12600,13177.44,Credit Card,Aisha Mohamed
ORD-0010,2024-01-29,January,Q1,Kevin Chepkorir,Nakuru,Rift Valley,P018,Stapler Heavy Duty,Stationery,6,879.14,5274.84,2280,2994.84,M-Pesa,Daniel Kipchoge
ORD-0011,2024-10-17,October,Q4,Catherine Njeru,Eldoret,Rift Valley,P013,Sugar 2kg,Groceries,2,213.64,427.28,240,187.28,Cash,Samuel Ochieng
ORD-0012,2024-05-06,May,Q2,Otieno Ouma,Garissa,North Eastern,P013,Sugar 2kg,Groceries,3,214.83,644.49,360,284.49,Airtel Money,Aisha Mohamed
ORD-0013,2024-04-22,April,Q2,Grace Njeri,Nyeri,Central,P019,Notebook A4,Stationery,10,178.19,1781.9,600,1181.9,Airtel Money,Samuel Ochieng
ORD-0014,2024-03-22,March,Q1,David Owino,Nairobi,Central,P003,iPhone Charger,Electronics,2,2413.21,4826.42,1600,3226.42,Airtel Money,Brian Omondi
ORD-0015,2024-09-27,September,Q3,Lydia Auma,Nyeri,Central,P013,Sugar 2kg,Groceries,10,230.91,2309.1,1200,1109.1,Airtel Money,Catherine Wanjiku
ORD-0016,2024-08-10,August,Q3,Samuel Ochieng,Eldoret,Rift Valley,P004,Bluetooth Speaker,Electronics,6,4325.2,25951.2,13200,12751.2,Credit Card,Catherine Wanjiku
ORD-0017,2024-11-16,November,Q4,Brian Mutiso,Kisumu,Western,P009,Bookshelf,Furniture,9,6247.58,56228.22,27000,29228.22,Airtel Money,Peter Kamau
ORD-0018,2024-09-28,September,Q3,John Kamau,Thika,Central,P005,LED Desk Lamp,Electronics,3,1807.09,5421.27,2100,3321.27,Airtel Money,Daniel Kipchoge
ORD-0019,2024-06-06,June,Q2,Kevin Chepkorir,Nairobi,Central,P016,A4 Paper Ream,Stationery,2,573.6,1147.2,500,647.2,M-Pesa,Peter Kamau
ORD-0020,2024-02-05,February,Q1,Otieno Ouma,Mombasa,Coast,P019,Notebook A4,Stationery,2,184.17,368.34,120,248.34,Cash,Grace Njeri
ORD-0021,2024-11-06,November,Q4,David Owino,Kisumu,Western,P016,A4 Paper Ream,Stationery,5,551.52,2757.6,1250,1507.6,Cash,Peter Kamau
ORD-0022,2024-09-21,September,Q3,Esther Akinyi,Nyeri,Central,P010,Whiteboard 4x3,Furniture,6,4174.0,25044.0,10800,14244.0,M-Pesa,Peter Kamau
ORD-0023,2024-10-10,October,Q4,Kevin Chepkorir,Mombasa,Coast,P008,Filing Cabinet,Furniture,6,8092.88,48557.28,27000,21557.28,Airtel Money,Peter Kamau
ORD-0024,2024-01-17,January,Q1,Catherine Njeru,Mombasa,Coast,P001,Laptop Dell 15,Electronics,1,43780.24,43780.24,32000,11780.24,M-Pesa,Peter Kamau
ORD-0025,2024-10-19,October,Q4,Amina Hassan,Garissa,North Eastern,P009,Bookshelf,Furniture,4,6023.54,24094.16,12000,12094.16,Credit Card,Peter Kamau
ORD-0026,2024-12-03,December,Q4,David Owino,Nyeri,Central,P016,A4 Paper Ream,Stationery,4,527.69,2110.76,1000,1110.76,Bank Transfer,Mary Njoroge
ORD-0027,2024-11-26,November,Q4,Aisha Omar,Garissa,North Eastern,P014,Rice Pishori 5kg,Groceries,1,763.0,763.0,420,343.0,M-Pesa,Mary Njoroge
ORD-0028,2024-10-01,October,Q4,Esther Akinyi,Mombasa,Coast,P011,Unga Pembe 5kg,Groceries,4,629.95,2519.8,1520,999.8,Cash,Mary Njoroge
ORD-0029,2024-02-08,February,Q1,Esther Akinyi,Eldoret,Rift Valley,P006,Office Chair,Furniture,8,14624.71,116997.68,64000,52997.68,Airtel Money,Brian Omondi
ORD-0030,2024-05-01,May,Q2,Samuel Ochieng,Nairobi,Central,P002,"Samsung TV 43""",Electronics,2,57345.02,114690.04,76000,38690.04,Credit Card,Samuel Ochieng
ORD-0031,2024-03-25,March,Q1,Zara Kimani,Nakuru,Rift Valley,P016,A4 Paper Ream,Stationery,7,572.13,4004.91,1750,2254.91,M-Pesa,Mary Njoroge
ORD-0032,2024-10-11,October,Q4,Juma Baraka,Garissa,North Eastern,P009,Bookshelf,Furniture,5,5953.8,29769.0,15000,14769.0,Cash,Peter Kamau
ORD-0033,2024-10-04,October,Q4,Mary Wanjiku,Nakuru,Rift Valley,P010,Whiteboard 4x3,Furniture,1,4233.26,4233.26,1800,2433.26,Bank Transfer,Catherine Wanjiku
ORD-0034,2024-09-28,September,Q3,Samuel Ochieng,Garissa,North Eastern,P002,"Samsung TV 43""",Electronics,9,57306.63,515759.67,342000,173759.67,M-Pesa,Brian Omondi
ORD-0035,2024-04-30,April,Q2,Zara Kimani,Mombasa,Coast,P006,Office Chair,Furniture,10,14351.94,143519.4,80000,63519.4,M-Pesa,Peter Kamau
ORD-0036,2024-12-02,December,Q4,Amina Hassan,Nairobi,Central,P019,Notebook A4,Stationery,10,172.48,1724.8,600,1124.8,Airtel Money,Daniel Kipchoge
ORD-0037,2024-07-21,July,Q3,Grace Njeri,Nakuru,Rift Valley,P009,Bookshelf,Furniture,6,5843.21,35059.26,18000,17059.26,Bank Transfer,Samuel Ochieng
ORD-0038,2024-10-15,October,Q4,Aisha Omar,Mombasa,Coast,P011,Unga Pembe 5kg,Groceries,1,647.29,647.29,380,267.29,M-Pesa,Peter Kamau
ORD-0039,2024-02-05,February,Q1,Kevin Chepkorir,Eldoret,Rift Valley,P017,Pens Box 50,Stationery,3,365.16,1095.48,360,,Bank Transfer,Aisha Mohamed
ORD-0040,2024-11-09,November,Q4,Wanjiru Muthoni,Garissa,North Eastern,P006,Office Chair,Furniture,9,15305.31,137747.79,72000,65747.79,M-Pesa,Aisha Mohamed
ORD-0041,2024-02-24,February,Q1,Otieno Ouma,Kisumu,Western,P004,Bluetooth Speaker,Electronics,5,4326.94,21634.7,11000,10634.7,Cash,Aisha Mohamed
ORD-0042,2024-11-20,November,Q4,Lydia Auma,Nakuru,Rift Valley,P010,Whiteboard 4x3,Furniture,6,4075.51,24453.06,10800,13653.06,Airtel Money,Samuel Ochieng
ORD-0043,2024-05-21,May,Q2,Mary Wanjiku,Nairobi,Central,P009,Bookshelf,Furniture,2,6080.57,12161.14,6000,6161.14,M-Pesa,Daniel Kipchoge
ORD-0044,2024-10-09,October,Q4,David Owino,Eldoret,Rift Valley,P005,LED Desk Lamp,Electronics,3,1843.42,5530.26,2100,3430.26,,Catherine Wanjiku
ORD-0045,2024-07-08,July,Q3,Amina Hassan,Mombasa,Coast,P004,Bluetooth Speaker,Electronics,3,4520.52,13561.56,6600,6961.56,Airtel Money,Grace Njeri
ORD-0046,2024-01-21,January,Q1,Isaac Rotich,Kisumu,Western,P014,Rice Pishori 5kg,Groceries,1,735.62,735.62,420,315.62,Cash,Peter Kamau
ORD-0047,2024-07-27,July,Q3,Tom Kariuki,Thika,Central,P004,Bluetooth Speaker,Electronics,9,4672.86,42055.74,19800,22255.74,Cash,Peter Kamau
ORD-0048,2024-06-19,June,Q2,David Owino,Kisumu,Western,P006,Office Chair,Furniture,7,14287.18,100010.26,56000,44010.26,Cash,Aisha Mohamed
ORD-0049,2024-08-28,August,Q3,Kevin Chepkorir,Mombasa,Coast,P006,Office Chair,Furniture,7,15558.25,108907.75,56000,52907.75,,Samuel Ochieng
ORD-0050,2024-12-03,December,Q4,Faith Mutua,Eldoret,Rift Valley,P012,Cooking Oil 2L,Groceries,4,408.36,1633.44,880,753.44,Credit Card,Daniel Kipchoge
ORD-0051,2024-09-17,September,Q3,Zara Kimani,Mombasa,Coast,P009,Bookshelf,Furniture,5,5910.69,29553.45,15000,14553.45,Airtel Money,Daniel Kipchoge
ORD-0052,2024-05-15,May,Q2,Mary Wanjiku,Mombasa,Coast,P001,Laptop Dell 15,Electronics,5,43553.56,217767.8,160000,57767.8,M-Pesa,Mary Njoroge
ORD-0053,2024-09-18,September,Q3,Aisha Omar,Thika,Central,P012,Cooking Oil 2L,Groceries,7,424.46,2971.22,1540,1431.22,Credit Card,Peter Kamau
ORD-0054,2024-10-02,October,Q4,Faith Mutua,Nairobi,Central,P009,Bookshelf,Furniture,7,5701.01,39907.07,21000,18907.07,Bank Transfer,Mary Njoroge
ORD-0055,2024-03-04,March,Q1,Brian Mutiso,Thika,Central,P003,iPhone Charger,Electronics,10,2453.48,24534.8,8000,16534.8,Airtel Money,Aisha Mohamed
ORD-0056,2024-10-10,October,Q4,Grace Njeri,Thika,Central,P014,Rice Pishori 5kg,Groceries,7,764.79,5353.53,2940,2413.53,Cash,Mary Njoroge
ORD-0057,2024-07-26,July,Q3,Otieno Ouma,Kisumu,Western,P013,Sugar 2kg,Groceries,10,221.52,2215.2,1200,1015.2,M-Pesa,Aisha Mohamed
ORD-0058,2024-11-06,November,Q4,Catherine Njeru,Nakuru,Rift Valley,P010,Whiteboard 4x3,Furniture,7,4320.02,30240.14,12600,17640.14,Credit Card,Samuel Ochieng
ORD-0059,2024-03-27,March,Q1,Peter Otieno,Nakuru,Rift Valley,P015,Milk 1L,Groceries,9,79.79,718.11,405,313.11,Bank Transfer,Daniel Kipchoge
ORD-0060,2024-04-11,April,Q2,Grace Njeri,Nakuru,Rift Valley,P003,iPhone Charger,Electronics,5,2431.16,12155.8,4000,8155.8,M-Pesa,Catherine Wanjiku
ORD-0061,2024-02-07,February,Q1,Esther Akinyi,Garissa,North Eastern,P008,Filing Cabinet,Furniture,10,8797.28,87972.8,45000,42972.8,Credit Card,Peter Kamau
ORD-0062,2024-12-01,December,Q4,John Kamau,Garissa,North Eastern,P013,Sugar 2kg,Groceries,7,214.37,1500.59,840,660.59,M-Pesa,Mary Njoroge
ORD-0063,2024-10-12,October,Q4,Kevin Chepkorir,Kisumu,Western,P008,Filing Cabinet,Furniture,9,8469.87,76228.83,40500,35728.83,M-Pesa,Samuel Ochieng
ORD-0064,2024-10-31,October,Q4,Catherine Njeru,Garissa,North Eastern,P005,LED Desk Lamp,Electronics,9,1887.82,16990.38,6300,10690.38,Credit Card,Mary Njoroge
ORD-0065,2024-08-31,August,Q3,Esther Akinyi,Garissa,North Eastern,P018,Stapler Heavy Duty,Stationery,3,870.71,2612.13,1140,1472.13,Bank Transfer,Peter Kamau
ORD-0066,2024-02-09,February,Q1,Brian Mutiso,Garissa,North Eastern,P009,Bookshelf,Furniture,4,5864.76,23459.04,12000,11459.04,Cash,Aisha Mohamed
ORD-0067,2024-03-18,March,Q1,Kevin Chepkorir,Thika,Central,P011,Unga Pembe 5kg,Groceries,9,622.74,5604.66,3420,2184.66,Credit Card,Grace Njeri
ORD-0068,2024-10-04,October,Q4,Esther Akinyi,Mombasa,Coast,P007,Study Desk,Furniture,7,11889.12,83223.84,45500,37723.84,Credit Card,Catherine Wanjiku
ORD-0069,2024-10-26,October,Q4,John Kamau,Nyeri,Central,P007,Study Desk,Furniture,7,12485.81,87400.67,45500,,Airtel Money,Mary Njoroge
ORD-0070,2024-07-18,July,Q3,David Owino,Nairobi,Central,P016,A4 Paper Ream,Stationery,6,538.92,3233.52,1500,1733.52,Airtel Money,Peter Kamau
ORD-0071,2024-01-15,January,Q1,Zara Kimani,Nakuru,Rift Valley,P016,A4 Paper Ream,Stationery,5,546.47,2732.35,1250,1482.35,Bank Transfer,Mary Njoroge
ORD-0072,2024-09-30,September,Q3,John Kamau,Garissa,North Eastern,P006,Office Chair,Furniture,3,15721.08,47163.24,24000,23163.24,Credit Card,Catherine Wanjiku
ORD-0073,2024-04-03,April,Q2,Mary Wanjiku,Nyeri,Central,P003,iPhone Charger,Electronics,3,2591.71,7775.13,2400,5375.13,Bank Transfer,Mary Njoroge
ORD-0074,2024-07-13,July,Q3,Lydia Auma,Nakuru,Rift Valley,P011,Unga Pembe 5kg,Groceries,8,638.74,5109.92,3040,2069.92,Credit Card,Aisha Mohamed
ORD-0075,2024-01-27,January,Q1,Isaac Rotich,Garissa,North Eastern,P003,iPhone Charger,Electronics,1,2562.26,2562.26,800,1762.26,Cash,Brian Omondi
ORD-0076,2024-01-11,January,Q1,Tom Kariuki,Nairobi,Central,P002,"Samsung TV 43""",Electronics,4,53346.48,213385.92,152000,61385.92,Cash,Peter Kamau
ORD-0077,2024-04-21,April,Q2,Esther Akinyi,Garissa,North Eastern,P005,LED Desk Lamp,Electronics,2,1811.51,3623.02,1400,2223.02,Bank Transfer,Daniel Kipchoge
ORD-0078,2024-02-25,February,Q1,Amina Hassan,Mombasa,Coast,P006,Office Chair,Furniture,3,15697.08,47091.24,24000,23091.24,M-Pesa,Aisha Mohamed
ORD-0079,2024-04-11,April,Q2,Peter Otieno,Nyeri,Central,P019,Notebook A4,Stationery,7,187.95,1315.65,420,895.65,Airtel Money,Peter Kamau
ORD-0080,2024-10-16,October,Q4,Mary Wanjiku,Eldoret,Rift Valley,P004,Bluetooth Speaker,Electronics,10,4637.49,46374.9,22000,24374.9,Bank Transfer,Mary Njoroge
ORD-0081,2024-01-07,January,Q1,David Owino,Mombasa,Coast,P012,Cooking Oil 2L,Groceries,9,426.2,3835.8,1980,1855.8,Credit Card,Brian Omondi
ORD-0082,2024-08-10,August,Q3,Samuel Ochieng,Thika,Central,P014,Rice Pishori 5kg,Groceries,8,765.55,6124.4,3360,2764.4,Airtel Money,Aisha Mohamed
ORD-0083,2024-10-30,October,Q4,Lydia Auma,Garissa,North Eastern,P020,Printer Ink Set,Stationery,8,2781.96,22255.68,11200,11055.68,Bank Transfer,Peter Kamau
ORD-0084,2024-08-25,August,Q3,Amina Hassan,Eldoret,Rift Valley,P003,iPhone Charger,Electronics,8,2435.97,19487.76,6400,13087.76,Airtel Money,Mary Njoroge
ORD-0085,2024-04-03,April,Q2,Juma Baraka,Nairobi,Central,P011,Unga Pembe 5kg,Groceries,8,672.81,5382.48,3040,2342.48,Cash,Daniel Kipchoge
ORD-0086,2024-12-25,December,Q4,Lydia Auma,Thika,Central,P009,Bookshelf,Furniture,5,6228.19,31140.95,15000,16140.95,Airtel Money,Catherine Wanjiku
ORD-0087,2024-07-27,July,Q3,Juma Baraka,Nakuru,Rift Valley,P017,Pens Box 50,Stationery,2,340.95,681.9,240,441.9,Airtel Money,Peter Kamau
ORD-0088,2024-02-17,February,Q1,Brian Mutiso,Garissa,North Eastern,P016,A4 Paper Ream,Stationery,8,566.11,4528.88,2000,2528.88,Cash,Mary Njoroge
ORD-0089,2024-10-10,October,Q4,Wanjiru Muthoni,Eldoret,Rift Valley,P008,Filing Cabinet,Furniture,10,8388.67,83886.7,45000,38886.7,Bank Transfer,Mary Njoroge
ORD-0090,2024-05-18,May,Q2,Brian Mutiso,Thika,Central,P018,Stapler Heavy Duty,Stationery,6,867.24,5203.44,2280,2923.44,Bank Transfer,Peter Kamau
ORD-0091,2024-10-01,October,Q4,Samuel Ochieng,Nakuru,Rift Valley,P004,Bluetooth Speaker,Electronics,6,4328.8,25972.8,13200,12772.8,Cash,Peter Kamau
ORD-0092,2024-09-25,September,Q3,Tom Kariuki,Eldoret,Rift Valley,P016,A4 Paper Ream,Stationery,10,576.21,5762.1,2500,3262.1,Bank Transfer,Brian Omondi
ORD-0093,2024-06-03,June,Q2,John Kamau,Eldoret,Rift Valley,P007,Study Desk,Furniture,4,11833.06,47332.24,26000,21332.24,Airtel Money,Grace Njeri
ORD-0094,2024-12-23,December,Q4,Grace Njeri,Nairobi,Central,P009,Bookshelf,Furniture,1,6032.02,6032.02,3000,3032.02,Credit Card,Brian Omondi
ORD-0095,2024-06-23,June,Q2,Samuel Ochieng,Eldoret,Rift Valley,P001,Laptop Dell 15,Electronics,8,44904.21,359233.68,256000,103233.68,M-Pesa,Aisha Mohamed
ORD-0096,2024-02-07,February,Q1,Amina Hassan,Mombasa,Coast,P016,A4 Paper Ream,Stationery,2,544.54,1089.08,500,589.08,M-Pesa,Grace Njeri
ORD-0097,2024-03-01,March,Q1,Otieno Ouma,Eldoret,Rift Valley,P005,LED Desk Lamp,Electronics,2,1888.91,3777.82,1400,2377.82,Credit Card,Peter Kamau
ORD-0098,2024-06-01,June,Q2,Amina Hassan,Nyeri,Central,P017,Pens Box 50,Stationery,8,364.3,2914.4,960,1954.4,Credit Card,Aisha Mohamed
ORD-0099,2024-02-20,February,Q1,Faith Mutua,Nairobi,Central,P019,Notebook A4,Stationery,10,188.28,1882.8,600,1282.8,Cash,Aisha Mohamed
ORD-0100,2024-02-08,February,Q1,Samuel Ochieng,Kisumu,Western,P003,iPhone Charger,Electronics,4,2418.45,9673.8,3200,6473.8,M-Pesa,Mary Njoroge
ORD-0101,2024-05-27,May,Q2,Brian Mutiso,Garissa,North Eastern,P015,Milk 1L,Groceries,5,76.26,381.3,225,156.3,Credit Card,Brian Omondi
ORD-0102,2024-04-11,April,Q2,David Owino,Eldoret,Rift Valley,P008,Filing Cabinet,Furniture,10,8637.01,86370.1,45000,41370.1,M-Pesa,Peter Kamau
ORD-0103,2024-03-25,March,Q1,Brian Mutiso,Eldoret,Rift Valley,P005,LED Desk Lamp,Electronics,3,1722.85,5168.55,2100,3068.55,Airtel Money,Aisha Mohamed
ORD-0104,2024-12-24,December,Q4,Zara Kimani,Mombasa,Coast,P015,Milk 1L,Groceries,8,81.51,652.08,360,292.08,Bank Transfer,Samuel Ochieng
ORD-0105,2024-08-09,August,Q3,Catherine Njeru,Mombasa,Coast,P015,Milk 1L,Groceries,10,76.32,763.2,450,313.2,Airtel Money,Aisha Mohamed
ORD-0106,2024-10-21,October,Q4,Amina Hassan,Mombasa,Coast,P001,Laptop Dell 15,Electronics,4,47078.6,188314.4,128000,60314.4,M-Pesa,Aisha Mohamed
ORD-0107,2024-11-29,November,Q4,Esther Akinyi,Nairobi,Central,P019,Notebook A4,Stationery,3,179.47,538.41,180,358.41,Bank Transfer,Grace Njeri
ORD-0108,2024-08-28,August,Q3,Isaac Rotich,Nyeri,Central,P019,Notebook A4,Stationery,8,188.44,1507.52,480,1027.52,Credit Card,Daniel Kipchoge
ORD-0109,2024-12-21,December,Q4,Juma Baraka,Mombasa,Coast,P011,Unga Pembe 5kg,Groceries,3,638.94,1916.82,1140,776.82,Bank Transfer,Mary Njoroge
ORD-0110,2024-05-09,May,Q2,Catherine Njeru,Nairobi,Central,P018,Stapler Heavy Duty,Stationery,8,814.99,6519.92,3040,3479.92,M-Pesa,Mary Njoroge
ORD-0111,2024-01-28,January,Q1,Faith Mutua,Nairobi,Central,P017,Pens Box 50,Stationery,9,348.67,3138.03,1080,2058.03,Airtel Money,Daniel Kipchoge
ORD-0112,2024-04-14,April,Q2,Lydia Auma,Garissa,North Eastern,P020,Printer Ink Set,Stationery,8,2872.8,22982.4,11200,11782.4,Airtel Money,Grace Njeri
ORD-0113,2024-11-18,November,Q4,Tom Kariuki,Garissa,North Eastern,P010,Whiteboard 4x3,Furniture,8,4041.0,32328.0,14400,17928.0,Cash,Grace Njeri
ORD-0114,2024-04-25,April,Q2,Aisha Omar,Nairobi,Central,P010,Whiteboard 4x3,Furniture,9,4161.36,37452.24,16200,21252.24,Credit Card,Brian Omondi
ORD-0115,2024-05-19,May,Q2,David Owino,Garissa,North Eastern,P005,LED Desk Lamp,Electronics,5,1801.6,9008.0,3500,5508.0,Credit Card,Samuel Ochieng
ORD-0116,2024-04-07,April,Q2,Tom Kariuki,Garissa,North Eastern,P008,Filing Cabinet,Furniture,9,8197.95,73781.55,40500,33281.55,Airtel Money,Grace Njeri
ORD-0117,2024-09-16,September,Q3,Lydia Auma,Eldoret,Rift Valley,P003,iPhone Charger,Electronics,7,2459.97,17219.79,5600,11619.79,M-Pesa,Aisha Mohamed
ORD-0118,2024-09-04,September,Q3,Isaac Rotich,Garissa,North Eastern,P010,Whiteboard 4x3,Furniture,3,4177.55,12532.65,5400,7132.65,Bank Transfer,Mary Njoroge
ORD-0119,2024-05-02,May,Q2,Amina Hassan,Thika,Central,P015,Milk 1L,Groceries,4,83.85,335.4,180,155.4,Credit Card,Peter Kamau
ORD-0120,2024-12-27,December,Q4,Zara Kimani,Nairobi,Central,P014,Rice Pishori 5kg,Groceries,6,768.35,4610.1,2520,2090.1,Credit Card,Grace Njeri
ORD-0121,2024-10-29,October,Q4,Catherine Njeru,Nairobi,Central,P016,A4 Paper Ream,Stationery,3,550.13,1650.39,750,900.39,M-Pesa,Samuel Ochieng
ORD-0122,2024-07-28,July,Q3,Grace Njeri,Garissa,North Eastern,P004,Bluetooth Speaker,Electronics,1,4600.1,4600.1,2200,2400.1,M-Pesa,Samuel Ochieng
ORD-0123,2024-11-28,November,Q4,Peter Otieno,Thika,Central,P009,Bookshelf,Furniture,10,6115.62,61156.2,30000,31156.2,Bank Transfer,Mary Njoroge
ORD-0124,2024-02-05,February,Q1,Kevin Chepkorir,Garissa,North Eastern,P011,Unga Pembe 5kg,Groceries,9,619.83,5578.47,3420,2158.47,Bank Transfer,Peter Kamau
ORD-0125,2024-12-26,December,Q4,Aisha Omar,Nyeri,Central,P003,iPhone Charger,Electronics,2,2565.09,5130.18,1600,3530.18,Credit Card,Grace Njeri
ORD-0126,2024-01-29,January,Q1,Brian Mutiso,Nairobi,Central,P010,Whiteboard 4x3,Furniture,1,4126.24,4126.24,1800,2326.24,Bank Transfer,Daniel Kipchoge
ORD-0127,2024-10-16,October,Q4,Samuel Ochieng,Kisumu,Western,P014,Rice Pishori 5kg,Groceries,4,752.34,3009.36,1680,1329.36,Cash,Grace Njeri
ORD-0128,2024-09-11,September,Q3,Amina Hassan,Nyeri,Central,P003,iPhone Charger,Electronics,10,2545.78,25457.8,8000,17457.8,Cash,Peter Kamau
ORD-0129,2024-01-05,January,Q1,Esther Akinyi,Eldoret,Rift Valley,P015,Milk 1L,Groceries,8,78.04,624.32,360,264.32,Bank Transfer,Grace Njeri
ORD-0130,2024-06-02,June,Q2,David Owino,Garissa,North Eastern,P003,iPhone Charger,Electronics,6,2621.91,15731.46,4800,10931.46,Bank Transfer,Samuel Ochieng
ORD-0131,2024-02-24,February,Q1,Kevin Chepkorir,Nakuru,Rift Valley,P010,Whiteboard 4x3,Furniture,7,4348.4,30438.8,12600,17838.8,Credit Card,Daniel Kipchoge
ORD-0132,2024-12-03,December,Q4,Zara Kimani,Eldoret,Rift Valley,P019,Notebook A4,Stationery,5,171.39,856.95,300,556.95,Bank Transfer,Catherine Wanjiku
ORD-0133,2024-05-26,May,Q2,Kevin Chepkorir,Nairobi,Central,P019,Notebook A4,Stationery,10,184.41,1844.1,600,1244.1,Airtel Money,Daniel Kipchoge
ORD-0134,2024-12-03,December,Q4,Grace Njeri,Nakuru,Rift Valley,P008,Filing Cabinet,Furniture,10,8288.03,82880.3,45000,37880.3,M-Pesa,Catherine Wanjiku
ORD-0135,2024-03-08,March,Q1,Peter Otieno,Garissa,North Eastern,P010,Whiteboard 4x3,Furniture,1,4233.42,4233.42,1800,2433.42,Bank Transfer,Daniel Kipchoge
ORD-0136,2024-10-03,October,Q4,Isaac Rotich,Kisumu,Western,P014,Rice Pishori 5kg,Groceries,4,722.41,2889.64,1680,1209.64,Airtel Money,Aisha Mohamed
ORD-0137,2024-05-31,May,Q2,Catherine Njeru,Eldoret,Rift Valley,P006,Office Chair,Furniture,8,15701.08,125608.64,64000,61608.64,M-Pesa,Samuel Ochieng
ORD-0138,2024-12-11,December,Q4,Zara Kimani,Kisumu,Western,P003,iPhone Charger,Electronics,4,2590.04,10360.16,3200,7160.16,Airtel Money,Daniel Kipchoge
ORD-0139,2024-03-04,March,Q1,Esther Akinyi,Nyeri,Central,P003,iPhone Charger,Electronics,1,2441.11,2441.11,800,1641.11,Bank Transfer,Aisha Mohamed
ORD-0140,2024-04-29,April,Q2,Juma Baraka,Nyeri,Central,P019,Notebook A4,Stationery,6,172.95,1037.7,360,677.7,M-Pesa,Daniel Kipchoge
ORD-0141,2024-08-25,August,Q3,Brian Mutiso,Nakuru,Rift Valley,P020,Printer Ink Set,Stationery,2,2837.91,5675.82,2800,2875.82,Credit Card,Brian Omondi
ORD-0142,2024-09-09,September,Q3,Aisha Omar,Nairobi,Central,P005,LED Desk Lamp,Electronics,1,1764.79,1764.79,700,1064.79,M-Pesa,Peter Kamau
ORD-0143,2024-12-09,December,Q4,Otieno Ouma,Kisumu,Western,P018,Stapler Heavy Duty,Stationery,7,846.06,5922.42,2660,3262.42,Credit Card,Grace Njeri
ORD-0144,2024-05-23,May,Q2,Mary Wanjiku,Mombasa,Coast,P014,Rice Pishori 5kg,Groceries,8,758.67,6069.36,3360,2709.36,Bank Transfer,Peter Kamau
ORD-0145,2024-02-20,February,Q1,Isaac Rotich,Garissa,North Eastern,P015,Milk 1L,Groceries,4,82.84,331.36,180,151.36,Airtel Money,Daniel Kipchoge
ORD-0146,2024-03-03,March,Q1,Esther Akinyi,Nyeri,Central,P002,"Samsung TV 43""",Electronics,5,53293.95,266469.75,190000,76469.75,M-Pesa,Peter Kamau
ORD-0147,2024-05-04,May,Q2,Grace Njeri,Nairobi,Central,P020,Printer Ink Set,Stationery,1,2880.3,2880.3,1400,1480.3,Airtel Money,Peter Kamau
ORD-0148,2024-04-29,April,Q2,Catherine Njeru,Nakuru,Rift Valley,P003,iPhone Charger,Electronics,10,2428.99,24289.9,8000,16289.9,Cash,Catherine Wanjiku
ORD-0149,2024-03-30,March,Q1,Aisha Omar,Kisumu,Western,P009,Bookshelf,Furniture,3,6024.13,18072.39,9000,9072.39,M-Pesa,Grace Njeri
ORD-0150,2024-01-09,January,Q1,Samuel Ochieng,Thika,Central,P001,Laptop Dell 15,Electronics,4,45399.84,181599.36,128000,53599.36,Bank Transfer,Catherine Wanjiku
ORD-0151,2024-02-02,February,Q1,Juma Baraka,Nyeri,Central,P005,LED Desk Lamp,Electronics,9,1730.46,15574.14,6300,9274.14,Credit Card,Daniel Kipchoge
ORD-0152,2024-11-10,November,Q4,Mary Wanjiku,Mombasa,Coast,P017,Pens Box 50,Stationery,8,350.13,2801.04,960,1841.04,Airtel Money,Aisha Mohamed
ORD-0153,2024-07-24,July,Q3,David Owino,Nairobi,Central,P015,Milk 1L,Groceries,1,83.99,83.99,45,38.99,M-Pesa,Samuel Ochieng
ORD-0154,2024-03-16,March,Q1,Peter Otieno,Mombasa,Coast,P015,Milk 1L,Groceries,2,78.58,157.16,90,67.16,Cash,Aisha Mohamed
ORD-0155,2024-09-28,September,Q3,Brian Mutiso,Thika,Central,P020,Printer Ink Set,Stationery,7,2938.5,20569.5,9800,10769.5,Credit Card,Mary Njoroge
ORD-0156,2024-04-20,April,Q2,David Owino,Mombasa,Coast,P004,Bluetooth Speaker,Electronics,9,4599.38,41394.42,19800,21594.42,Credit Card,Peter Kamau
ORD-0157,2024-02-18,February,Q1,Catherine Njeru,Thika,Central,P014,Rice Pishori 5kg,Groceries,8,742.4,5939.2,3360,2579.2,Credit Card,Daniel Kipchoge
ORD-0158,2024-08-30,August,Q3,Peter Otieno,Thika,Central,P009,Bookshelf,Furniture,3,6112.09,18336.27,9000,9336.27,M-Pesa,Brian Omondi
ORD-0159,2024-07-09,July,Q3,Grace Njeri,Nyeri,Central,P003,iPhone Charger,Electronics,2,2561.15,5122.3,1600,3522.3,Airtel Money,Catherine Wanjiku
ORD-0160,2024-12-06,December,Q4,David Owino,Thika,Central,P019,Notebook A4,Stationery,2,178.39,356.78,120,236.78,M-Pesa,Aisha Mohamed
ORD-0161,2024-09-16,September,Q3,Faith Mutua,Eldoret,Rift Valley,P020,Printer Ink Set,Stationery,6,2689.01,16134.06,8400,7734.06,Cash,Samuel Ochieng
ORD-0162,2024-07-07,July,Q3,Aisha Omar,Mombasa,Coast,P008,Filing Cabinet,Furniture,6,8793.57,52761.42,27000,25761.42,Bank Transfer,Peter Kamau
ORD-0163,2024-12-21,December,Q4,Lydia Auma,Nairobi,Central,P014,Rice Pishori 5kg,Groceries,10,782.18,7821.8,4200,3621.8,M-Pesa,Grace Njeri
ORD-0164,2024-04-02,April,Q2,Grace Njeri,Eldoret,Rift Valley,P009,Bookshelf,Furniture,6,5910.61,35463.66,18000,17463.66,Airtel Money,Mary Njoroge
ORD-0165,2024-09-28,September,Q3,Faith Mutua,Kisumu,Western,P003,iPhone Charger,Electronics,1,2397.94,2397.94,800,1597.94,Credit Card,Mary Njoroge
ORD-0166,2024-06-15,June,Q2,Amina Hassan,Thika,Central,P015,Milk 1L,Groceries,3,78.96,236.88,135,101.88,Airtel Money,Brian Omondi
ORD-0167,2024-01-26,January,Q1,Peter Otieno,Kisumu,Western,P002,"Samsung TV 43""",Electronics,3,56399.4,169198.2,114000,55198.2,Bank Transfer,Samuel Ochieng
ORD-0168,2024-05-19,May,Q2,Faith Mutua,Garissa,North Eastern,P014,Rice Pishori 5kg,Groceries,10,745.65,7456.5,4200,3256.5,Airtel Money,Brian Omondi
ORD-0169,2024-12-13,December,Q4,Amina Hassan,Nyeri,Central,P012,Cooking Oil 2L,Groceries,2,410.9,821.8,440,381.8,Credit Card,Aisha Mohamed
ORD-0170,2024-01-29,January,Q1,John Kamau,Nakuru,Rift Valley,P002,"Samsung TV 43""",Electronics,7,57664.45,403651.15,266000,137651.15,Cash,Aisha Mohamed
ORD-0171,2024-03-02,March,Q1,John Kamau,Kisumu,Western,P007,Study Desk,Furniture,5,11747.34,58736.7,32500,26236.7,Credit Card,Mary Njoroge
ORD-0172,2024-04-27,April,Q2,Wanjiru Muthoni,Kisumu,Western,P006,Office Chair,Furniture,7,15048.87,105342.09,56000,49342.09,Airtel Money,Daniel Kipchoge
ORD-0173,2024-08-23,August,Q3,Peter Otieno,Nyeri,Central,P003,iPhone Charger,Electronics,1,2484.05,2484.05,800,1684.05,Bank Transfer,Mary Njoroge
ORD-0174,2024-07-26,July,Q3,John Kamau,Nyeri,Central,P019,Notebook A4,Stationery,7,176.21,1233.47,420,813.47,Bank Transfer,Grace Njeri
ORD-0175,2024-02-24,February,Q1,Kevin Chepkorir,Garissa,North Eastern,P020,Printer Ink Set,Stationery,6,2684.68,16108.08,8400,7708.08,Credit Card,Mary Njoroge
ORD-0176,2024-06-22,June,Q2,Kevin Chepkorir,Mombasa,Coast,P017,Pens Box 50,Stationery,7,362.97,2540.79,840,1700.79,Bank Transfer,Grace Njeri
ORD-0177,2024-06-27,June,Q2,Isaac Rotich,Mombasa,Coast,P003,iPhone Charger,Electronics,9,2502.49,22522.41,7200,15322.41,Cash,Peter Kamau
ORD-0178,2024-11-04,November,Q4,Grace Njeri,Kisumu,Western,P004,Bluetooth Speaker,Electronics,5,4363.77,21818.85,11000,10818.85,M-Pesa,Grace Njeri
ORD-0179,2024-08-17,August,Q3,Amina Hassan,Garissa,North Eastern,P016,A4 Paper Ream,Stationery,10,564.29,5642.9,2500,3142.9,Airtel Money,Daniel Kipchoge
ORD-0180,2024-08-14,August,Q3,Brian Mutiso,Kisumu,Western,P011,Unga Pembe 5kg,Groceries,8,621.94,4975.52,3040,1935.52,Bank Transfer,Catherine Wanjiku
ORD-0181,2024-01-20,January,Q1,Mary Wanjiku,Mombasa,Coast,P012,Cooking Oil 2L,Groceries,5,418.39,2091.95,1100,991.95,Bank Transfer,Aisha Mohamed
ORD-0182,2024-07-15,July,Q3,Esther Akinyi,Mombasa,Coast,P003,iPhone Charger,Electronics,10,2523.52,25235.2,8000,17235.2,Airtel Money,Catherine Wanjiku
ORD-0183,2024-09-13,September,Q3,Grace Njeri,Nakuru,Rift Valley,P015,Milk 1L,Groceries,6,80.84,485.04,270,215.04,M-Pesa,Samuel Ochieng
ORD-0184,2024-03-29,March,Q1,Mary Wanjiku,Thika,Central,P004,Bluetooth Speaker,Electronics,2,4502.05,9004.1,4400,4604.1,Cash,Samuel Ochieng
ORD-0185,2024-05-24,May,Q2,Zara Kimani,Kisumu,Western,P015,Milk 1L,Groceries,6,78.98,473.88,270,203.88,Credit Card,Daniel Kipchoge
ORD-0186,2024-02-18,February,Q1,Otieno Ouma,Nairobi,Central,P020,Printer Ink Set,Stationery,6,2678.46,16070.76,8400,7670.76,Credit Card,Aisha Mohamed
ORD-0187,2024-12-05,December,Q4,Grace Njeri,Kisumu,Western,P009,Bookshelf,Furniture,6,5748.9,34493.4,18000,16493.4,Bank Transfer,Aisha Mohamed
ORD-0188,2024-02-13,February,Q1,Brian Mutiso,Kisumu,Western,P013,Sugar 2kg,Groceries,10,224.59,2245.9,1200,1045.9,Airtel Money,Mary Njoroge
ORD-0189,2024-12-09,December,Q4,David Owino,Kisumu,Western,P011,Unga Pembe 5kg,Groceries,9,623.57,5612.13,3420,2192.13,Airtel Money,Daniel Kipchoge
ORD-0190,2024-04-19,April,Q2,Catherine Njeru,Thika,Central,P001,Laptop Dell 15,Electronics,5,43561.18,217805.9,160000,57805.9,Credit Card,Peter Kamau
ORD-0191,2024-02-21,February,Q1,Wanjiru Muthoni,Kisumu,Western,P008,Filing Cabinet,Furniture,3,8140.59,24421.77,13500,10921.77,Airtel Money,Catherine Wanjiku
ORD-0192,2024-03-24,March,Q1,Samuel Ochieng,Kisumu,Western,P011,Unga Pembe 5kg,Groceries,10,641.99,6419.9,3800,2619.9,Airtel Money,Grace Njeri
ORD-0193,2024-05-01,May,Q2,Esther Akinyi,Nairobi,Central,P015,Milk 1L,Groceries,7,78.91,552.37,315,237.37,Airtel Money,Aisha Mohamed
ORD-0194,2024-08-28,August,Q3,Faith Mutua,Nakuru,Rift Valley,P015,Milk 1L,Groceries,9,77.91,701.19,405,296.19,Bank Transfer,Samuel Ochieng
ORD-0195,2024-08-02,August,Q3,Samuel Ochieng,Eldoret,Rift Valley,P015,Milk 1L,Groceries,7,80.02,560.14,315,245.14,Cash,Grace Njeri
ORD-0196,2024-10-10,October,Q4,Aisha Omar,Nairobi,Central,P009,Bookshelf,Furniture,8,6224.47,49795.76,24000,25795.76,Airtel Money,Brian Omondi
ORD-0197,2024-09-19,September,Q3,Grace Njeri,Mombasa,Coast,P010,Whiteboard 4x3,Furniture,3,4104.57,12313.71,5400,6913.71,Credit Card,Brian Omondi
ORD-0198,2024-07-31,July,Q3,Mary Wanjiku,Garissa,North Eastern,P008,Filing Cabinet,Furniture,6,8865.9,53195.4,27000,26195.4,Credit Card,Daniel Kipchoge
ORD-0199,2024-01-15,January,Q1,Catherine Njeru,Nyeri,Central,P008,Filing Cabinet,Furniture,2,8393.68,16787.36,9000,7787.36,M-Pesa,Daniel Kipchoge
ORD-0200,2024-08-29,August,Q3,Grace Njeri,Kisumu,Western,P005,LED Desk Lamp,Electronics,1,1761.64,1761.64,700,1061.64,Credit Card,Samuel Ochieng
ORD-0201,2024-04-20,April,Q2,Grace Njeri,Nairobi,Central,P020,Printer Ink Set,Stationery,2,2665.32,5330.64,2800,2530.64,Airtel Money,Mary Njoroge
ORD-0202,2024-01-25,January,Q1,Kevin Chepkorir,Eldoret,Rift Valley,P004,Bluetooth Speaker,Electronics,4,4410.52,17642.08,8800,,Credit Card,Samuel Ochieng
ORD-0203,2024-01-09,January,Q1,Wanjiru Muthoni,Mombasa,Coast,P003,iPhone Charger,Electronics,8,2524.18,20193.44,6400,13793.44,Airtel Money,Peter Kamau
ORD-0204,2024-06-29,June,Q2,Kevin Chepkorir,Eldoret,Rift Valley,P005,LED Desk Lamp,Electronics,7,1710.28,11971.96,4900,7071.96,Airtel Money,Mary Njoroge
ORD-0205,2024-02-04,February,Q1,Wanjiru Muthoni,Mombasa,Coast,P006,Office Chair,Furniture,9,15711.98,141407.82,72000,69407.82,Airtel Money,Catherine Wanjiku
ORD-0206,2024-07-10,July,Q3,Lydia Auma,Garissa,North Eastern,P013,Sugar 2kg,Groceries,1,222.98,222.98,120,102.98,M-Pesa,Daniel Kipchoge
ORD-0207,2024-11-17,November,Q4,Aisha Omar,Thika,Central,P003,iPhone Charger,Electronics,4,2558.24,10232.96,3200,7032.96,Airtel Money,Daniel Kipchoge
ORD-0208,2024-11-25,November,Q4,Samuel Ochieng,Nairobi,Central,P005,LED Desk Lamp,Electronics,6,1808.28,10849.68,4200,6649.68,Credit Card,Samuel Ochieng
ORD-0209,2024-08-22,August,Q3,Mary Wanjiku,Kisumu,Western,P006,Office Chair,Furniture,2,15324.07,30648.14,16000,14648.14,Bank Transfer,Peter Kamau
ORD-0210,2024-06-07,June,Q2,Wanjiru Muthoni,Nakuru,Rift Valley,P002,"Samsung TV 43""",Electronics,1,53985.78,53985.78,38000,15985.78,Credit Card,Samuel Ochieng
ORD-0211,2024-01-25,January,Q1,Catherine Njeru,Nairobi,Central,P009,Bookshelf,Furniture,4,5871.67,23486.68,12000,11486.68,Bank Transfer,Brian Omondi
ORD-0212,2024-07-16,July,Q3,Catherine Njeru,Nyeri,Central,P012,Cooking Oil 2L,Groceries,7,430.22,3011.54,1540,1471.54,Cash,Samuel Ochieng
ORD-0213,2024-02-12,February,Q1,David Owino,Thika,Central,P016,A4 Paper Ream,Stationery,9,537.17,4834.53,2250,2584.53,M-Pesa,Mary Njoroge
ORD-0214,2024-02-22,February,Q1,Peter Otieno,Kisumu,Western,P020,Printer Ink Set,Stationery,9,2742.25,24680.25,12600,12080.25,Bank Transfer,Aisha Mohamed
ORD-0215,2024-03-26,March,Q1,Esther Akinyi,Garissa,North Eastern,P010,Whiteboard 4x3,Furniture,10,4291.42,42914.2,18000,24914.2,Bank Transfer,Samuel Ochieng
ORD-0216,2024-05-20,May,Q2,Mary Wanjiku,Thika,Central,P002,"Samsung TV 43""",Electronics,10,57739.83,577398.3,380000,197398.3,M-Pesa,Mary Njoroge
ORD-0217,2024-11-07,November,Q4,Esther Akinyi,Kisumu,Western,P012,Cooking Oil 2L,Groceries,1,405.0,405.0,220,185.0,M-Pesa,Grace Njeri
ORD-0218,2024-10-17,October,Q4,Mary Wanjiku,Nakuru,Rift Valley,P003,iPhone Charger,Electronics,6,2465.54,14793.24,4800,9993.24,Airtel Money,Grace Njeri
ORD-0219,2024-02-09,February,Q1,Amina Hassan,Thika,Central,P015,Milk 1L,Groceries,6,79.55,477.3,270,207.3,Cash,Daniel Kipchoge
ORD-0220,2024-02-28,February,Q1,John Kamau,Thika,Central,P013,Sugar 2kg,Groceries,5,214.49,1072.45,600,472.45,Cash,Samuel Ochieng
ORD-0221,2024-05-13,May,Q2,Esther Akinyi,Nyeri,Central,P017,Pens Box 50,Stationery,9,336.62,3029.58,1080,1949.58,Cash,Aisha Mohamed
ORD-0222,2024-02-07,February,Q1,Esther Akinyi,Nakuru,Rift Valley,P016,A4 Paper Ream,Stationery,2,529.97,1059.94,500,559.94,Cash,Samuel Ochieng
ORD-0223,2024-10-08,October,Q4,Otieno Ouma,Thika,Central,P003,iPhone Charger,Electronics,6,2552.39,15314.34,4800,10514.34,Bank Transfer,Aisha Mohamed
ORD-0224,2024-03-03,March,Q1,Faith Mutua,Kisumu,Western,P006,Office Chair,Furniture,6,15013.13,90078.78,48000,42078.78,Cash,Peter Kamau
ORD-0225,2024-07-07,July,Q3,Esther Akinyi,Nairobi,Central,P016,A4 Paper Ream,Stationery,6,552.97,3317.82,1500,1817.82,Airtel Money,Grace Njeri
ORD-0226,2024-09-02,September,Q3,Wanjiru Muthoni,Mombasa,Coast,P020,Printer Ink Set,Stationery,2,2746.6,5493.2,2800,2693.2,Credit Card,Mary Njoroge
ORD-0227,2024-11-24,November,Q4,Peter Otieno,Mombasa,Coast,P019,Notebook A4,Stationery,3,188.5,565.5,180,385.5,Credit Card,Samuel Ochieng
ORD-0228,2024-10-09,October,Q4,Amina Hassan,Thika,Central,P017,Pens Box 50,Stationery,3,363.23,1089.69,360,729.69,Cash,Grace Njeri
ORD-0229,2024-06-04,June,Q2,Samuel Ochieng,Nairobi,Central,P014,Rice Pishori 5kg,Groceries,2,751.36,1502.72,840,662.72,Cash,Daniel Kipchoge
ORD-0230,2024-02-10,February,Q1,Lydia Auma,Thika,Central,P008,Filing Cabinet,Furniture,9,8835.69,79521.21,40500,39021.21,Cash,Aisha Mohamed
ORD-0231,2024-09-14,September,Q3,Samuel Ochieng,Eldoret,Rift Valley,P005,LED Desk Lamp,Electronics,10,1806.03,18060.3,7000,11060.3,Airtel Money,Grace Njeri
ORD-0232,2024-01-15,January,Q1,Peter Otieno,Thika,Central,P006,Office Chair,Furniture,10,14311.79,143117.9,80000,63117.9,M-Pesa,Aisha Mohamed
ORD-0233,2024-09-11,September,Q3,Otieno Ouma,Nyeri,Central,P007,Study Desk,Furniture,10,12166.79,121667.9,65000,56667.9,Bank Transfer,Aisha Mohamed
ORD-0234,2024-02-07,February,Q1,Mary Wanjiku,Nakuru,Rift Valley,P016,A4 Paper Ream,Stationery,7,538.86,3772.02,1750,2022.02,Cash,Samuel Ochieng
ORD-0235,2024-11-06,November,Q4,Grace Njeri,Garissa,North Eastern,P014,Rice Pishori 5kg,Groceries,8,727.8,5822.4,3360,2462.4,,Daniel Kipchoge
ORD-0236,2024-09-20,September,Q3,Otieno Ouma,Nyeri,Central,P012,Cooking Oil 2L,Groceries,3,430.95,1292.85,660,632.85,M-Pesa,Daniel Kipchoge
ORD-0237,2024-05-06,May,Q2,Grace Njeri,Garissa,North Eastern,P008,Filing Cabinet,Furniture,2,8302.35,16604.7,9000,7604.7,M-Pesa,Catherine Wanjiku
ORD-0238,2024-03-22,March,Q1,Catherine Njeru,Nyeri,Central,P010,Whiteboard 4x3,Furniture,10,4165.62,41656.2,18000,23656.2,Airtel Money,Daniel Kipchoge
ORD-0239,2024-08-27,August,Q3,Juma Baraka,Kisumu,Western,P007,Study Desk,Furniture,8,12595.16,100761.28,52000,48761.28,Bank Transfer,Samuel Ochieng
ORD-0240,2024-05-03,May,Q2,Faith Mutua,Mombasa,Coast,P001,Laptop Dell 15,Electronics,7,45024.5,315171.5,224000,91171.5,Airtel Money,Daniel Kipchoge
ORD-0241,2024-11-30,November,Q4,Juma Baraka,Nairobi,Central,P002,"Samsung TV 43""",Electronics,5,54971.92,274859.6,190000,84859.6,Bank Transfer,Catherine Wanjiku
ORD-0242,2024-07-06,July,Q3,Zara Kimani,Nyeri,Central,P004,Bluetooth Speaker,Electronics,3,4672.11,14016.33,6600,7416.33,Bank Transfer,Catherine Wanjiku
ORD-0243,2024-07-04,July,Q3,Otieno Ouma,Nairobi,Central,P013,Sugar 2kg,Groceries,10,221.36,2213.6,1200,1013.6,Bank Transfer,Brian Omondi
ORD-0244,2024-11-15,November,Q4,Tom Kariuki,Garissa,North Eastern,P013,Sugar 2kg,Groceries,9,215.15,1936.35,1080,856.35,M-Pesa,Grace Njeri
ORD-0245,2024-06-22,June,Q2,Otieno Ouma,Nyeri,Central,P004,Bluetooth Speaker,Electronics,6,4632.7,27796.2,13200,14596.2,Bank Transfer,Grace Njeri
ORD-0246,2024-01-20,January,Q1,Grace Njeri,Nyeri,Central,P007,Study Desk,Furniture,9,11448.31,103034.79,58500,44534.79,Bank Transfer,Samuel Ochieng
ORD-0247,2024-09-20,September,Q3,Grace Njeri,Garissa,North Eastern,P017,Pens Box 50,Stationery,3,353.72,1061.16,360,701.16,Bank Transfer,Daniel Kipchoge
ORD-0248,2024-06-02,June,Q2,Amina Hassan,Nyeri,Central,P006,Office Chair,Furniture,10,15358.98,153589.8,80000,73589.8,Bank Transfer,Samuel Ochieng
ORD-0249,2024-07-07,July,Q3,Catherine Njeru,Eldoret,Rift Valley,P019,Notebook A4,Stationery,8,185.68,1485.44,480,1005.44,M-Pesa,Mary Njoroge
ORD-0250,2024-05-15,May,Q2,Amina Hassan,Eldoret,Rift Valley,P019,Notebook A4,Stationery,1,181.74,181.74,60,121.74,Airtel Money,Peter Kamau
ORD-0251,2024-11-13,November,Q4,Zara Kimani,Garissa,North Eastern,P002,"Samsung TV 43""",Electronics,3,55133.28,165399.84,114000,51399.84,Cash,Peter Kamau
ORD-0252,2024-06-09,June,Q2,David Owino,Mombasa,Coast,P002,"Samsung TV 43""",Electronics,4,52354.16,209416.64,152000,57416.64,Cash,Mary Njoroge
ORD-0253,2024-08-29,August,Q3,Mary Wanjiku,Nyeri,Central,P007,Study Desk,Furniture,9,12329.97,110969.73,58500,52469.73,Cash,Peter Kamau
ORD-0254,2024-06-09,June,Q2,Samuel Ochieng,Thika,Central,P018,Stapler Heavy Duty,Stationery,8,852.17,6817.36,3040,3777.36,Credit Card,Daniel Kipchoge
ORD-0255,2024-04-08,April,Q2,Kevin Chepkorir,Thika,Central,P018,Stapler Heavy Duty,Stationery,5,859.36,4296.8,1900,2396.8,Bank Transfer,Aisha Mohamed
ORD-0256,2024-12-19,December,Q4,Juma Baraka,Eldoret,Rift Valley,P008,Filing Cabinet,Furniture,5,8674.17,43370.85,22500,20870.85,Bank Transfer,Samuel Ochieng
ORD-0257,2024-12-12,December,Q4,Otieno Ouma,Eldoret,Rift Valley,P012,Cooking Oil 2L,Groceries,5,404.12,2020.6,1100,920.6,Credit Card,Mary Njoroge
ORD-0258,2024-02-10,February,Q1,Isaac Rotich,Kisumu,Western,P012,Cooking Oil 2L,Groceries,5,400.77,2003.85,1100,903.85,Credit Card,Aisha Mohamed
ORD-0259,2024-05-18,May,Q2,Otieno Ouma,Nakuru,Rift Valley,P016,A4 Paper Ream,Stationery,4,568.04,2272.16,1000,1272.16,,Grace Njeri
ORD-0260,2024-09-28,September,Q3,Kevin Chepkorir,Nakuru,Rift Valley,P004,Bluetooth Speaker,Electronics,4,4297.84,17191.36,8800,8391.36,Cash,Catherine Wanjiku
ORD-0261,2024-02-21,February,Q1,Grace Njeri,Nyeri,Central,P004,Bluetooth Speaker,Electronics,6,4597.81,27586.86,13200,14386.86,M-Pesa,Grace Njeri
ORD-0262,2024-05-27,May,Q2,Catherine Njeru,Garissa,North Eastern,P014,Rice Pishori 5kg,Groceries,8,761.29,6090.32,3360,2730.32,Bank Transfer,Catherine Wanjiku
ORD-0263,2024-01-20,January,Q1,Samuel Ochieng,Nakuru,Rift Valley,P003,iPhone Charger,Electronics,9,2559.67,23037.03,7200,15837.03,Credit Card,Grace Njeri
ORD-0264,2024-05-28,May,Q2,Mary Wanjiku,Nyeri,Central,P002,"Samsung TV 43""",Electronics,8,53274.71,426197.68,304000,122197.68,M-Pesa,Aisha Mohamed
ORD-0265,2024-11-24,November,Q4,Otieno Ouma,Mombasa,Coast,P019,Notebook A4,Stationery,6,176.12,1056.72,360,696.72,Airtel Money,Samuel Ochieng
ORD-0266,2024-02-27,February,Q1,Catherine Njeru,Garissa,North Eastern,P005,LED Desk Lamp,Electronics,5,1744.71,8723.55,3500,5223.55,Cash,Samuel Ochieng
ORD-0267,2024-05-31,May,Q2,Amina Hassan,Kisumu,Western,P009,Bookshelf,Furniture,1,6141.97,6141.97,3000,3141.97,Cash,Grace Njeri
ORD-0268,2024-02-14,February,Q1,Zara Kimani,Nyeri,Central,P020,Printer Ink Set,Stationery,7,2804.28,19629.96,9800,9829.96,M-Pesa,Grace Njeri
ORD-0269,2024-01-04,January,Q1,Lydia Auma,Garissa,North Eastern,P005,LED Desk Lamp,Electronics,6,1878.45,11270.7,4200,7070.7,Credit Card,Peter Kamau
ORD-0270,2024-10-20,October,Q4,John Kamau,Eldoret,Rift Valley,P015,Milk 1L,Groceries,6,78.42,470.52,270,200.52,Bank Transfer,Daniel Kipchoge
ORD-0271,2024-03-22,March,Q1,Zara Kimani,Nairobi,Central,P008,Filing Cabinet,Furniture,2,8470.59,16941.18,9000,7941.18,Airtel Money,Aisha Mohamed
ORD-0272,2024-04-22,April,Q2,Grace Njeri,Eldoret,Rift Valley,P004,Bluetooth Speaker,Electronics,6,4551.58,27309.48,13200,14109.48,Credit Card,Grace Njeri
ORD-0273,2024-08-29,August,Q3,Otieno Ouma,Thika,Central,P015,Milk 1L,Groceries,7,81.62,571.34,315,256.34,Cash,Peter Kamau
ORD-0274,2024-12-26,December,Q4,Isaac Rotich,Mombasa,Coast,P020,Printer Ink Set,Stationery,9,2785.09,25065.81,12600,12465.81,M-Pesa,Brian Omondi
ORD-0275,2024-03-25,March,Q1,Catherine Njeru,Nakuru,Rift Valley,P002,"Samsung TV 43""",Electronics,10,55201.63,552016.3,380000,172016.3,Airtel Money,Samuel Ochieng
ORD-0276,2024-09-18,September,Q3,Esther Akinyi,Nakuru,Rift Valley,P004,Bluetooth Speaker,Electronics,10,4494.97,44949.7,22000,22949.7,M-Pesa,Samuel Ochieng
ORD-0277,2024-10-13,October,Q4,Esther Akinyi,Nyeri,Central,P005,LED Desk Lamp,Electronics,8,1811.5,14492.0,5600,8892.0,Bank Transfer,Catherine Wanjiku
ORD-0278,2024-10-23,October,Q4,Peter Otieno,Eldoret,Rift Valley,P013,Sugar 2kg,Groceries,1,225.41,225.41,120,105.41,M-Pesa,Mary Njoroge
ORD-0279,2024-02-05,February,Q1,Juma Baraka,Mombasa,Coast,P012,Cooking Oil 2L,Groceries,9,440.75,3966.75,1980,1986.75,M-Pesa,Aisha Mohamed
ORD-0280,2024-11-26,November,Q4,David Owino,Kisumu,Western,P014,Rice Pishori 5kg,Groceries,3,769.94,2309.82,1260,1049.82,Bank Transfer,Mary Njoroge
ORD-0281,2024-12-04,December,Q4,Otieno Ouma,Nyeri,Central,P015,Milk 1L,Groceries,7,76.64,536.48,315,221.48,Cash,Daniel Kipchoge
ORD-0282,2024-03-06,March,Q1,Kevin Chepkorir,Kisumu,Western,P004,Bluetooth Speaker,Electronics,9,4451.88,40066.92,19800,20266.92,M-Pesa,Catherine Wanjiku
ORD-0283,2024-07-13,July,Q3,Kevin Chepkorir,Garissa,North Eastern,P010,Whiteboard 4x3,Furniture,9,4168.13,37513.17,16200,21313.17,Cash,Samuel Ochieng
ORD-0284,2024-02-27,February,Q1,Mary Wanjiku,Kisumu,Western,P012,Cooking Oil 2L,Groceries,5,406.92,2034.6,1100,934.6,Credit Card,Catherine Wanjiku
ORD-0285,2024-01-18,January,Q1,Esther Akinyi,Nakuru,Rift Valley,P008,Filing Cabinet,Furniture,2,8160.76,16321.52,9000,7321.52,Airtel Money,Catherine Wanjiku
ORD-0286,2024-10-03,October,Q4,Faith Mutua,Nairobi,Central,P008,Filing Cabinet,Furniture,7,8448.12,59136.84,31500,27636.84,M-Pesa,Grace Njeri
ORD-0287,2024-10-21,October,Q4,Catherine Njeru,Eldoret,Rift Valley,P017,Pens Box 50,Stationery,4,361.05,1444.2,480,964.2,Airtel Money,Daniel Kipchoge
ORD-0288,2024-09-23,September,Q3,Kevin Chepkorir,Eldoret,Rift Valley,P008,Filing Cabinet,Furniture,3,8912.84,26738.52,13500,13238.52,Credit Card,Aisha Mohamed
ORD-0289,2024-03-30,March,Q1,David Owino,Nairobi,Central,P009,Bookshelf,Furniture,9,6269.11,56421.99,27000,29421.99,Airtel Money,Samuel Ochieng
ORD-0290,2024-06-12,June,Q2,David Owino,Thika,Central,P002,"Samsung TV 43""",Electronics,7,56571.93,396003.51,266000,130003.51,Credit Card,Grace Njeri
ORD-0291,2024-08-30,August,Q3,Kevin Chepkorir,Nyeri,Central,P010,Whiteboard 4x3,Furniture,3,4306.85,12920.55,5400,,Cash,Aisha Mohamed
ORD-0292,2024-08-01,August,Q3,Otieno Ouma,Garissa,North Eastern,P005,LED Desk Lamp,Electronics,1,1811.23,1811.23,700,1111.23,Airtel Money,Grace Njeri
ORD-0293,2024-11-27,November,Q4,Peter Otieno,Nakuru,Rift Valley,P013,Sugar 2kg,Groceries,5,213.47,1067.35,600,467.35,Credit Card,Daniel Kipchoge
ORD-0294,2024-12-10,December,Q4,Tom Kariuki,Nakuru,Rift Valley,P003,iPhone Charger,Electronics,1,2442.12,2442.12,800,1642.12,Airtel Money,Catherine Wanjiku
ORD-0295,2024-10-13,October,Q4,Faith Mutua,Nakuru,Rift Valley,P003,iPhone Charger,Electronics,10,2556.08,25560.8,8000,17560.8,Credit Card,Peter Kamau
ORD-0296,2024-04-07,April,Q2,Aisha Omar,Eldoret,Rift Valley,P011,Unga Pembe 5kg,Groceries,1,631.27,631.27,380,251.27,Credit Card,Peter Kamau
ORD-0297,2024-10-09,October,Q4,Catherine Njeru,Nakuru,Rift Valley,P020,Printer Ink Set,Stationery,7,2916.24,20413.68,9800,10613.68,Bank Transfer,Mary Njoroge
ORD-0298,2024-09-19,September,Q3,Juma Baraka,Thika,Central,P015,Milk 1L,Groceries,5,78.09,390.45,225,165.45,,Brian Omondi
ORD-0299,2024-07-30,July,Q3,Mary Wanjiku,Thika,Central,P016,A4 Paper Ream,Stationery,4,542.89,2171.56,1000,1171.56,Airtel Money,Peter Kamau
ORD-0300,2024-10-26,October,Q4,Amina Hassan,Nairobi,Central,P005,LED Desk Lamp,Electronics,5,1809.6,9048.0,3500,5548.0,Credit Card,Aisha Mohamed
ORD-0301,2024-10-18,October,Q4,Kevin Chepkorir,Nakuru,Rift Valley,P005,LED Desk Lamp,Electronics,6,1751.4,10508.4,4200,6308.4,Credit Card,Daniel Kipchoge
ORD-0302,2024-06-29,June,Q2,Samuel Ochieng,Garissa,North Eastern,P009,Bookshelf,Furniture,8,5976.5,47812.0,24000,23812.0,Cash,Samuel Ochieng
ORD-0303,2024-02-08,February,Q1,Mary Wanjiku,Nairobi,Central,P006,Office Chair,Furniture,9,14300.74,128706.66,72000,56706.66,M-Pesa,Mary Njoroge
ORD-0304,2024-01-05,January,Q1,Faith Mutua,Nakuru,Rift Valley,P005,LED Desk Lamp,Electronics,2,1837.29,3674.58,1400,,Airtel Money,Samuel Ochieng
ORD-0305,2024-11-11,November,Q4,Juma Baraka,Nairobi,Central,P012,Cooking Oil 2L,Groceries,10,425.78,4257.8,2200,2057.8,Credit Card,Catherine Wanjiku
ORD-0306,2024-05-20,May,Q2,Otieno Ouma,Nyeri,Central,P001,Laptop Dell 15,Electronics,1,42825.27,42825.27,32000,10825.27,Bank Transfer,Catherine Wanjiku
ORD-0307,2024-02-19,February,Q1,Wanjiru Muthoni,Nyeri,Central,P017,Pens Box 50,Stationery,3,336.25,1008.75,360,648.75,Cash,Peter Kamau
ORD-0308,2024-07-22,July,Q3,Peter Otieno,Eldoret,Rift Valley,P007,Study Desk,Furniture,6,11720.79,70324.74,39000,31324.74,Bank Transfer,Mary Njoroge
ORD-0309,2024-02-11,February,Q1,Mary Wanjiku,Nakuru,Rift Valley,P015,Milk 1L,Groceries,4,78.4,313.6,180,133.6,M-Pesa,Mary Njoroge
ORD-0310,2024-11-22,November,Q4,John Kamau,Nyeri,Central,P013,Sugar 2kg,Groceries,9,219.47,1975.23,1080,895.23,Cash,Brian Omondi
ORD-0311,2024-02-18,February,Q1,Wanjiru Muthoni,Nyeri,Central,P016,A4 Paper Ream,Stationery,6,553.62,3321.72,1500,1821.72,M-Pesa,Peter Kamau
ORD-0312,2024-02-08,February,Q1,Lydia Auma,Garissa,North Eastern,P007,Study Desk,Furniture,5,11455.87,57279.35,32500,24779.35,Airtel Money,Catherine Wanjiku
ORD-0313,2024-10-27,October,Q4,Grace Njeri,Thika,Central,P006,Office Chair,Furniture,1,15692.2,15692.2,8000,7692.2,Credit Card,Brian Omondi
ORD-0314,2024-07-18,July,Q3,Otieno Ouma,Kisumu,Western,P010,Whiteboard 4x3,Furniture,10,4091.0,40910.0,18000,22910.0,Bank Transfer,Mary Njoroge
ORD-0315,2024-06-26,June,Q2,Mary Wanjiku,Mombasa,Coast,P005,LED Desk Lamp,Electronics,9,1844.18,16597.62,6300,10297.62,M-Pesa,Mary Njoroge
ORD-0316,2024-11-10,November,Q4,Tom Kariuki,Mombasa,Coast,P008,Filing Cabinet,Furniture,6,8589.39,51536.34,27000,24536.34,Credit Card,Daniel Kipchoge
ORD-0317,2024-07-01,July,Q3,Otieno Ouma,Eldoret,Rift Valley,P001,Laptop Dell 15,Electronics,8,44957.72,359661.76,256000,103661.76,Credit Card,Mary Njoroge
ORD-0318,2024-05-31,May,Q2,Kevin Chepkorir,Nyeri,Central,P006,Office Chair,Furniture,2,15408.25,30816.5,16000,14816.5,M-Pesa,Brian Omondi
ORD-0319,2024-11-20,November,Q4,Grace Njeri,Kisumu,Western,P009,Bookshelf,Furniture,7,6127.01,42889.07,21000,21889.07,Credit Card,Daniel Kipchoge
ORD-0320,2024-06-06,June,Q2,Esther Akinyi,Mombasa,Coast,P012,Cooking Oil 2L,Groceries,2,399.22,798.44,440,358.44,Bank Transfer,Aisha Mohamed
ORD-0321,2024-08-17,August,Q3,Otieno Ouma,Kisumu,Western,P004,Bluetooth Speaker,Electronics,2,4359.33,8718.66,4400,4318.66,Airtel Money,Mary Njoroge
ORD-0322,2024-02-17,February,Q1,Tom Kariuki,Nairobi,Central,P004,Bluetooth Speaker,Electronics,2,4434.26,8868.52,4400,4468.52,Airtel Money,Daniel Kipchoge
ORD-0323,2024-02-13,February,Q1,Otieno Ouma,Nairobi,Central,P013,Sugar 2kg,Groceries,5,218.1,1090.5,600,490.5,Cash,Grace Njeri
ORD-0324,2024-05-17,May,Q2,Juma Baraka,Kisumu,Western,P013,Sugar 2kg,Groceries,3,214.92,644.76,360,284.76,Cash,Brian Omondi
ORD-0325,2024-09-04,September,Q3,Peter Otieno,Nyeri,Central,P006,Office Chair,Furniture,5,14881.65,74408.25,40000,34408.25,Bank Transfer,Aisha Mohamed
ORD-0326,2024-08-22,August,Q3,Aisha Omar,Garissa,North Eastern,P008,Filing Cabinet,Furniture,10,8599.17,85991.7,45000,40991.7,Cash,Aisha Mohamed
ORD-0327,2024-07-13,July,Q3,Catherine Njeru,Nyeri,Central,P001,Laptop Dell 15,Electronics,6,46537.26,279223.56,192000,,Credit Card,Daniel Kipchoge
ORD-0328,2024-12-21,December,Q4,Faith Mutua,Kisumu,Western,P014,Rice Pishori 5kg,Groceries,5,736.55,3682.75,2100,1582.75,Credit Card,Daniel Kipchoge
ORD-0329,2024-12-21,December,Q4,Juma Baraka,Nyeri,Central,P006,Office Chair,Furniture,6,14687.17,88123.02,48000,40123.02,Airtel Money,Peter Kamau
ORD-0330,2024-07-20,July,Q3,Isaac Rotich,Nyeri,Central,P011,Unga Pembe 5kg,Groceries,5,670.57,3352.85,1900,1452.85,M-Pesa,Peter Kamau
ORD-0331,2024-08-24,August,Q3,Faith Mutua,Kisumu,Western,P019,Notebook A4,Stationery,9,171.48,1543.32,540,1003.32,Credit Card,Aisha Mohamed
ORD-0332,2024-06-04,June,Q2,Kevin Chepkorir,Nyeri,Central,P003,iPhone Charger,Electronics,8,2409.79,19278.32,6400,12878.32,Bank Transfer,Grace Njeri
ORD-0333,2024-11-02,November,Q4,Juma Baraka,Nyeri,Central,P014,Rice Pishori 5kg,Groceries,2,746.18,1492.36,840,652.36,Airtel Money,Mary Njoroge
ORD-0334,2024-07-03,July,Q3,Otieno Ouma,Nyeri,Central,P018,Stapler Heavy Duty,Stationery,9,810.63,7295.67,3420,3875.67,Airtel Money,Brian Omondi
ORD-0335,2024-11-09,November,Q4,Mary Wanjiku,Nakuru,Rift Valley,P004,Bluetooth Speaker,Electronics,6,4349.85,26099.1,13200,12899.1,Airtel Money,Mary Njoroge
ORD-0336,2024-05-12,May,Q2,Kevin Chepkorir,Nyeri,Central,P011,Unga Pembe 5kg,Groceries,2,618.19,1236.38,760,476.38,Airtel Money,Peter Kamau
ORD-0337,2024-12-13,December,Q4,Amina Hassan,Thika,Central,P015,Milk 1L,Groceries,7,79.7,557.9,315,242.9,Airtel Money,Grace Njeri
ORD-0338,2024-07-31,July,Q3,Peter Otieno,Nairobi,Central,P012,Cooking Oil 2L,Groceries,8,403.39,3227.12,1760,1467.12,M-Pesa,Grace Njeri
ORD-0339,2024-04-15,April,Q2,Wanjiru Muthoni,Eldoret,Rift Valley,P012,Cooking Oil 2L,Groceries,6,418.12,2508.72,1320,1188.72,Credit Card,Daniel Kipchoge
ORD-0340,2024-08-19,August,Q3,Catherine Njeru,Mombasa,Coast,P016,A4 Paper Ream,Stationery,8,562.21,4497.68,2000,2497.68,M-Pesa,Aisha Mohamed
ORD-0341,2024-11-27,November,Q4,Aisha Omar,Mombasa,Coast,P002,"Samsung TV 43""",Electronics,1,56920.49,56920.49,38000,18920.49,Cash,Peter Kamau
ORD-0342,2024-10-13,October,Q4,David Owino,Kisumu,Western,P017,Pens Box 50,Stationery,9,338.1,3042.9,1080,1962.9,Credit Card,Peter Kamau
ORD-0343,2024-08-09,August,Q3,Zara Kimani,Kisumu,Western,P013,Sugar 2kg,Groceries,3,223.09,669.27,360,309.27,M-Pesa,Peter Kamau
ORD-0344,2024-04-19,April,Q2,Faith Mutua,Nyeri,Central,P015,Milk 1L,Groceries,7,76.04,532.28,315,217.28,Bank Transfer,Brian Omondi
ORD-0345,2024-06-15,June,Q2,Faith Mutua,Mombasa,Coast,P019,Notebook A4,Stationery,9,174.37,1569.33,540,1029.33,Credit Card,Brian Omondi
ORD-0346,2024-06-09,June,Q2,Tom Kariuki,Garissa,North Eastern,P009,Bookshelf,Furniture,9,6279.55,56515.95,27000,29515.95,Credit Card,Mary Njoroge
ORD-0347,2024-08-22,August,Q3,Tom Kariuki,Mombasa,Coast,P019,Notebook A4,Stationery,6,177.34,1064.04,360,704.04,Cash,Aisha Mohamed
ORD-0348,2024-05-02,May,Q2,Brian Mutiso,Mombasa,Coast,P020,Printer Ink Set,Stationery,3,2747.69,8243.07,4200,4043.07,M-Pesa,Grace Njeri
ORD-0349,2024-11-01,November,Q4,Grace Njeri,Kisumu,Western,P012,Cooking Oil 2L,Groceries,9,415.32,3737.88,1980,1757.88,Airtel Money,Mary Njoroge
ORD-0350,2024-12-21,December,Q4,Samuel Ochieng,Kisumu,Western,P014,Rice Pishori 5kg,Groceries,8,760.16,6081.28,3360,2721.28,Airtel Money,Grace Njeri
ORD-0351,2024-08-18,August,Q3,Tom Kariuki,Eldoret,Rift Valley,P016,A4 Paper Ream,Stationery,3,532.79,1598.37,750,848.37,M-Pesa,Daniel Kipchoge
ORD-0352,2024-07-15,July,Q3,Otieno Ouma,Garissa,North Eastern,P001,Laptop Dell 15,Electronics,3,43628.08,130884.24,96000,34884.24,Airtel Money,Samuel Ochieng
ORD-0353,2024-08-15,August,Q3,Juma Baraka,Garissa,North Eastern,P014,Rice Pishori 5kg,Groceries,7,765.76,5360.32,2940,2420.32,Cash,Brian Omondi
ORD-0354,2024-05-20,May,Q2,Kevin Chepkorir,Nairobi,Central,P019,Notebook A4,Stationery,4,176.26,705.04,240,465.04,Airtel Money,Aisha Mohamed
ORD-0355,2024-09-10,September,Q3,Otieno Ouma,Garissa,North Eastern,P006,Office Chair,Furniture,10,15363.78,153637.8,80000,73637.8,Airtel Money,Brian Omondi
ORD-0356,2024-07-06,July,Q3,Otieno Ouma,Mombasa,Coast,P019,Notebook A4,Stationery,5,184.95,924.75,300,624.75,M-Pesa,Samuel Ochieng
ORD-0357,2024-11-30,November,Q4,Kevin Chepkorir,Nakuru,Rift Valley,P018,Stapler Heavy Duty,Stationery,7,816.21,5713.47,2660,3053.47,Bank Transfer,Catherine Wanjiku
ORD-0358,2024-02-14,February,Q1,Esther Akinyi,Eldoret,Rift Valley,P015,Milk 1L,Groceries,6,82.9,497.4,270,227.4,M-Pesa,Peter Kamau
ORD-0359,2024-03-25,March,Q1,Tom Kariuki,Thika,Central,P007,Study Desk,Furniture,10,12159.32,121593.2,65000,56593.2,Cash,Peter Kamau
ORD-0360,2024-05-23,May,Q2,Tom Kariuki,Nairobi,Central,P007,Study Desk,Furniture,10,11820.98,118209.8,65000,53209.8,Airtel Money,Grace Njeri
ORD-0361,2024-09-20,September,Q3,Aisha Omar,Eldoret,Rift Valley,P011,Unga Pembe 5kg,Groceries,5,654.73,3273.65,1900,1373.65,Cash,Mary Njoroge
ORD-0362,2024-03-08,March,Q1,Kevin Chepkorir,Eldoret,Rift Valley,P002,"Samsung TV 43""",Electronics,3,56107.85,168323.55,114000,54323.55,Cash,Daniel Kipchoge
ORD-0363,2024-11-19,November,Q4,Lydia Auma,Nyeri,Central,P008,Filing Cabinet,Furniture,8,8195.85,65566.8,36000,29566.8,Credit Card,Mary Njoroge
ORD-0364,2024-05-22,May,Q2,Isaac Rotich,Mombasa,Coast,P015,Milk 1L,Groceries,2,79.22,158.44,90,68.44,Credit Card,Samuel Ochieng
ORD-0365,2024-08-22,August,Q3,Isaac Rotich,Nairobi,Central,P011,Unga Pembe 5kg,Groceries,2,665.01,1330.02,760,570.02,M-Pesa,Mary Njoroge
ORD-0366,2024-06-14,June,Q2,Brian Mutiso,Nyeri,Central,P007,Study Desk,Furniture,4,11993.66,47974.64,26000,21974.64,Bank Transfer,Grace Njeri
ORD-0367,2024-01-25,January,Q1,Mary Wanjiku,Garissa,North Eastern,P019,Notebook A4,Stationery,6,187.09,1122.54,360,762.54,M-Pesa,Samuel Ochieng
ORD-0368,2024-01-01,January,Q1,David Owino,Mombasa,Coast,P001,Laptop Dell 15,Electronics,3,44735.79,134207.37,96000,38207.37,Cash,Grace Njeri
ORD-0369,2024-07-03,July,Q3,Lydia Auma,Kisumu,Western,P010,Whiteboard 4x3,Furniture,5,4029.2,20146.0,9000,11146.0,M-Pesa,Daniel Kipchoge
ORD-0370,2024-12-24,December,Q4,Kevin Chepkorir,Nairobi,Central,P006,Office Chair,Furniture,7,15188.41,106318.87,56000,50318.87,Credit Card,Brian Omondi
ORD-0371,2024-03-08,March,Q1,Amina Hassan,Nairobi,Central,P004,Bluetooth Speaker,Electronics,4,4489.56,17958.24,8800,9158.24,Cash,Samuel Ochieng
ORD-0372,2024-08-04,August,Q3,Grace Njeri,Nairobi,Central,P001,Laptop Dell 15,Electronics,6,46426.99,278561.94,192000,86561.94,Credit Card,Brian Omondi
ORD-0373,2024-02-22,February,Q1,Aisha Omar,Nyeri,Central,P008,Filing Cabinet,Furniture,2,8696.15,17392.3,9000,8392.3,Bank Transfer,Daniel Kipchoge
ORD-0374,2024-03-09,March,Q1,Grace Njeri,Kisumu,Western,P010,Whiteboard 4x3,Furniture,7,4314.85,30203.95,12600,17603.95,M-Pesa,Catherine Wanjiku
ORD-0375,2024-04-19,April,Q2,Grace Njeri,Kisumu,Western,P020,Printer Ink Set,Stationery,8,2758.33,22066.64,11200,10866.64,Credit Card,Samuel Ochieng
ORD-0376,2024-03-04,March,Q1,Amina Hassan,Mombasa,Coast,P007,Study Desk,Furniture,2,11568.02,23136.04,13000,10136.04,Credit Card,Daniel Kipchoge
ORD-0377,2024-11-26,November,Q4,Peter Otieno,Thika,Central,P014,Rice Pishori 5kg,Groceries,3,731.08,2193.24,1260,933.24,Cash,Aisha Mohamed
ORD-0378,2024-09-17,September,Q3,Faith Mutua,Eldoret,Rift Valley,P001,Laptop Dell 15,Electronics,4,45079.87,180319.48,128000,52319.48,Credit Card,Aisha Mohamed
ORD-0379,2024-05-03,May,Q2,Juma Baraka,Nakuru,Rift Valley,P002,"Samsung TV 43""",Electronics,8,54372.37,434978.96,304000,130978.96,Airtel Money,Brian Omondi
ORD-0380,2024-03-08,March,Q1,Zara Kimani,Nairobi,Central,P017,Pens Box 50,Stationery,6,365.19,2191.14,720,1471.14,Airtel Money,Mary Njoroge
ORD-0381,2024-02-07,February,Q1,John Kamau,Kisumu,Western,P012,Cooking Oil 2L,Groceries,8,439.09,3512.72,1760,1752.72,Airtel Money,Brian Omondi
ORD-0382,2024-01-31,January,Q1,Zara Kimani,Eldoret,Rift Valley,P001,Laptop Dell 15,Electronics,4,42929.22,171716.88,128000,43716.88,Airtel Money,Aisha Mohamed
ORD-0383,2024-02-12,February,Q1,Otieno Ouma,Nyeri,Central,P017,Pens Box 50,Stationery,7,357.06,2499.42,840,1659.42,,Grace Njeri
ORD-0384,2024-04-14,April,Q2,Grace Njeri,Mombasa,Coast,P009,Bookshelf,Furniture,5,5747.41,28737.05,15000,13737.05,Airtel Money,Daniel Kipchoge
ORD-0385,2024-05-02,May,Q2,Mary Wanjiku,Mombasa,Coast,P013,Sugar 2kg,Groceries,5,224.37,1121.85,600,521.85,Cash,Brian Omondi
ORD-0386,2024-01-29,January,Q1,Brian Mutiso,Mombasa,Coast,P014,Rice Pishori 5kg,Groceries,8,758.42,6067.36,3360,2707.36,Cash,Brian Omondi
ORD-0387,2024-06-26,June,Q2,Wanjiru Muthoni,Kisumu,Western,P001,Laptop Dell 15,Electronics,1,43487.25,43487.25,32000,11487.25,Airtel Money,Aisha Mohamed
ORD-0388,2024-05-17,May,Q2,Aisha Omar,Thika,Central,P006,Office Chair,Furniture,3,15374.66,46123.98,24000,22123.98,M-Pesa,Daniel Kipchoge
ORD-0389,2024-12-30,December,Q4,Amina Hassan,Eldoret,Rift Valley,P014,Rice Pishori 5kg,Groceries,9,717.29,6455.61,3780,2675.61,M-Pesa,Samuel Ochieng
ORD-0390,2024-10-17,October,Q4,Samuel Ochieng,Thika,Central,P015,Milk 1L,Groceries,1,80.0,80.0,45,35.0,Bank Transfer,Grace Njeri
ORD-0391,2024-02-29,February,Q1,Kevin Chepkorir,Mombasa,Coast,P009,Bookshelf,Furniture,10,6104.47,61044.7,30000,31044.7,Airtel Money,Catherine Wanjiku
ORD-0392,2024-07-05,July,Q3,Zara Kimani,Nairobi,Central,P002,"Samsung TV 43""",Electronics,4,52502.9,210011.6,152000,58011.6,Cash,Grace Njeri
ORD-0393,2024-08-01,August,Q3,Catherine Njeru,Nyeri,Central,P002,"Samsung TV 43""",Electronics,4,54019.91,216079.64,152000,64079.64,Bank Transfer,Brian Omondi
ORD-0394,2024-01-27,January,Q1,Samuel Ochieng,Thika,Central,P019,Notebook A4,Stationery,2,180.04,360.08,120,240.08,Cash,Catherine Wanjiku
ORD-0395,2024-06-08,June,Q2,Catherine Njeru,Mombasa,Coast,P013,Sugar 2kg,Groceries,8,228.05,1824.4,960,864.4,M-Pesa,Samuel Ochieng
ORD-0396,2024-06-04,June,Q2,Tom Kariuki,Thika,Central,P001,Laptop Dell 15,Electronics,4,44062.18,176248.72,128000,48248.72,Cash,Samuel Ochieng
ORD-0397,2024-10-06,October,Q4,Kevin Chepkorir,Garissa,North Eastern,P012,Cooking Oil 2L,Groceries,4,429.76,1719.04,880,839.04,Cash,Catherine Wanjiku
ORD-0398,2024-11-21,November,Q4,John Kamau,Nairobi,Central,P014,Rice Pishori 5kg,Groceries,4,753.12,3012.48,1680,1332.48,Bank Transfer,Catherine Wanjiku
ORD-0399,2024-05-01,May,Q2,David Owino,Eldoret,Rift Valley,P013,Sugar 2kg,Groceries,2,213.51,427.02,240,187.02,Credit Card,Catherine Wanjiku
ORD-0400,2024-04-28,April,Q2,Wanjiru Muthoni,Eldoret,Rift Valley,P005,LED Desk Lamp,Electronics,2,1717.9,3435.8,1400,2035.8,Credit Card,Daniel Kipchoge
